MAG_id	dataset_id	sample_id	BUSCO_taxonomy	completeness	contamination	genome_size	n_contigs	N50	GC_Content
OlgaP_2019__SRR11909515__bin.13	OlgaP_2019	SRR11909515	saccharomycetes_odb10	59.6	0.1677852348993288	8677889	2149	4633	0.41
OlgaP_2019__SRR11909515__bin.2	OlgaP_2019	SRR11909515	saccharomycetes_odb10	88.4	0.2262443438914027	11526166	207	101287	0.4
OlgaP_2019__SRR11909887__bin.7	OlgaP_2019	SRR11909887	saccharomycetes_odb10	94.7	0.1055966209081309	12356886	287	66449	0.4
OlgaP_2019__SRR11909888__bin.6	OlgaP_2019	SRR11909888	saccharomycetes_odb10	95.0	0.3157894736842105	11523299	477	34241	0.42
OlgaP_2019__SRR11910535__bin.2	OlgaP_2019	SRR11910535	saccharomycetes_odb10	76.2	0.3937007874015747	10109696	1633	7848	0.4
OlgaP_2019__SRR11910535__bin.3	OlgaP_2019	SRR11910535	saccharomycetes_odb10	76.39999999999999	0.1308900523560209	9718732	165	86047	0.4
OlgaP_2019__SRR11910536__bin.10	OlgaP_2019	SRR11910536	saccharomycetes_odb10	55.3	0.3616636528028932	8552854	2311	4133	0.4
