MAG_id	dataset_id	sample_id	BUSCO_taxonomy	completeness	contamination	genome_size	n_contigs	N50	GC_Content
SequinoG_2024_b__SRR27278126__bin.8	SequinoG_2024_b	SRR27278126	saccharomycetes_odb10	74.69999999999999	0.1338688085676037	12362183	1924	7943	0.39
SequinoG_2024_b__SRR27278155__bin.14	SequinoG_2024_b	SRR27278155	saccharomycetes_odb10	57.4	0.1742160278745644	8528571	2478	3835	0.36
