MAG_id	dataset_id	sample_id	BUSCO_taxonomy	completeness	contamination	genome_size	n_contigs	N50	GC_Content
TomarS_2023__SRR15925267__bin.10	TomarS_2023	SRR15925267	saccharomycetes_odb10	59.5	0.5042016806722689	9032985	2597	3818	0.38
TomarS_2023__SRR15925267__bin.11	TomarS_2023	SRR15925267	saccharomycetes_odb10	94.8	0.1054852320675105	14000783	1485	13481	0.33
